Date In Stock,Site,SiteName,Make,Model
2024-01-30,9,Watford,FORD,FIESTA
2024-02-02,1,Reading,FORD,KUGA
2023-12-14,11,Dunstable,LAND ROVER,DISCOVERY SPORT
2024-02-05,11,Dunstable,NISSAN,JUKE
2024-01-01,7,Scunthorpe,FORD,FIESTA
2024-01-01,9,Watford,FORD,FIESTA
2024-01-30,11,Dunstable,MERCEDES-BENZ,A CLASS
2023-12-17,1,Reading,FORD,KUGA
2024-02-02,11,Dunstable,HONDA,CIVIC
2024-02-08,1,Reading,SKODA,KODIAQ
2024-01-29,8,Hereford,VOLVO,XC40
2024-02-06,3,Banbury,FORD,MONDEO
2023-12-19,7,Scunthorpe,FORD,FIESTA
2023-12-27,11,Dunstable,TESLA,MODEL 3
2024-02-05,11,Dunstable,Skoda,Kodiaq
2024-01-11,11,Dunstable,TESLA,MODEL 3
2023-12-29,6,Grimsby,HYUNDAI,TUCSON
2024-01-03,11,Dunstable,Tesla,Model 3
2024-01-15,11,Dunstable,MINI,COUNTRYMAN
2024-01-03,9,Watford,FORD,KUGA
2024-01-08,11,Dunstable,TESLA,MODEL 3
